Код клиента,ФИО,Паспортные данные,Дата рождения,Адрес,e-mail,password
45462526,Фролов Андрей Иванович,Серия 1180 Номер 176596,2001-07-14,"344288, г. Санкт-Петербург, ул. Чехова, 1, кв. 34",gohufreilagrau-3818@yopmail.com,cl12345
45462527,Николаев Даниил Всеволодович,Серия 2280 Номер 223523,2001-02-10,"614164, г. Санкт-Петербург, ул. Степная, 30, кв. 75",xawugosune-1385@yopmail.com,cl12346
45462528,Снегирев Макар Иванович,Серия 4560 Номер 354155,1998-05-21,"394242, г. Санкт-Петербург, ул. Коммунистическая, 43, кв. 57",satrahuddusei-4458@yopmail.com,cl12347
45462529,Иванов Иван Ильич,Серия 9120 Номер 554296,1998-10-01,"660540, г. Санкт-Петербург, ул. Солнечная, 25, кв. 78",boippaxeufrepra-7093@yopmail.com,cl12348
45462530,Филиппова Анна Глебовна,Серия 2367 Номер 558134,1976-05-31,"125837, г. Санкт-Петербург, ул. Шоссейная, 40, кв. 92",zapramaxesu-7741@yopmail.com,cl12349
45462531,Иванов Михаил Владимирович,Серия 7101 Номер 669343,1985-11-04,"125703, г. Санкт-Петербург, ул. Партизанская, 49, кв. 84",rouzecroummegre-3899@yopmail.com,cl12350
45462532,Власов Дмитрий Александрович,Серия 3455 Номер 719630,1998-08-17,"625283, г. Санкт-Петербург, ул. Победы, 46, кв. 7",ziyeuddocrabri-4748@yopmail.com,cl12351
45462533,Серова Екатерина Львовна,Серия 2377 Номер 871623,1984-10-24,"614611, г. Санкт-Петербург, ул. Молодежная, 50, кв. 78",ketameissoinnei-1951@yopmail.com,cl12352
45462534,Борисова Ирина Ивановна,Серия 8755 Номер 921148,1976-10-14,"454311, г. Санкт-Петербург, ул. Новая, 19, кв. 78",yipraubaponou-5849@yopmail.com,cl12353
45462535,Зайцев Никита Артёмович,Серия 4355 Номер 104594,1999-10-14,"660007, г. Санкт-Петербург, ул. Октябрьская, 19, кв. 42",crapedocouca-3572@yopmail.com,cl12354
45462536,Медведев Святослав Евгеньевич,Серия 2791 Номер 114390,1985-07-13,"603036, г. Санкт-Петербург, ул. Садовая, 4, кв. 13",ceigoixakaunni-9227@yopmail.com,cl12355
45462537,Коротков Кирилл Алексеевич,Серия 5582 Номер 126286,1976-05-26,"450983, г. Санкт-Петербург, ул. Комсомольская, 26, кв. 60",yeimmeiwauzomo-7054@yopmail.com,cl12356
45462538,Калашникова Арина Максимовна,Серия 2978 Номер 133653,1999-08-13,"394782, г. Санкт-Петербург, ул. Чехова, 3, кв. 14",poleifenevi-1560@yopmail.com,cl12357
45462539,Минина Таисия Кирилловна,Серия 7512 Номер 141956,1985-10-13,"603002, г. Санкт-Петербург, ул. Дзержинского, 28, кв. 56",kauprezofautei-6607@yopmail.com,cl12358
45462540,Наумов Серафим Романович,Серия 5046 Номер 158433,1999-04-15,"450558, г. Санкт-Петербург, ул. Набережная, 30, кв. 71",quaffaullelourei-1667@yopmail.com,cl12359
45462541,Воробьева Василиса Евгеньевна,Серия 2460 Номер 169505,1999-01-13,"394060, г. Санкт-Петербург, ул. Фрунзе, 43, кв. 79",jsteele@rojas-robinson.net,cl12360
45462542,Калинин Александр Андреевич,Серия 3412 Номер 174593,1999-01-07,"410661, г. Санкт-Петербург, ул. Школьная, 50, кв. 53",vhopkins@lewis-mullen.com,cl12361
45462543,Кузнецова Милана Владиславовна,Серия 4950 Номер 183034,1999-01-24,"625590, г. Санкт-Петербург, ул. Коммунистическая, 20, кв. 34",nlewis@yahoo.com,cl12362
45462544,Фирсов Егор Романович,Серия 5829 Номер 219464,1993-09-02,"625683, г. Санкт-Петербург, ул. 8 Марта, 20, кв. 21",garciadavid@mckinney-mcbride.com,cl12363
45462545,Зимина Агния Александровна,Серия 6443 Номер 208059,1998-09-03,"400562, г. Санкт-Петербург, ул. Зеленая, 32, кв. 67",cbradley@castro.com,cl12364
45462546,Титов Андрей Глебович,Серия 7079 Номер 213265,1985-10-23,"614510, г. Санкт-Петербург, ул. Маяковского, 47, кв. 72",cuevascatherine@carlson.biz,cl12365
45462547,Орлов Николай Егорович,Серия 8207 Номер 522702,1985-07-27,"410542, г. Санкт-Петербург, ул. Светлая, 46, кв. 82",thomasmoore@wilson-singh.net,cl12366
45462548,Кузнецова Аиша Михайловна,Серия 9307 Номер 232158,1998-10-04,"620839, г. Санкт-Петербург, ул. Цветочная, 8, кв. 100",jessica84@hotmail.com,cl12367
45462549,Куликов Никита Георгиевич,Серия 1357 Номер 242839,1999-04-23,"443890, г. Санкт-Петербург, ул. Коммунистическая, 1, кв. 10",jessicapark@hotmail.com,cl12368
45462550,Карпова София Егоровна,Серия 1167 Номер 256636,1993-10-01,"603379, г. Санкт-Петербург, ул. Спортивная, 46, кв. 95",ginaritter@schneider-buchanan.com,cl12369
45462551,Смирнова Дарья Макаровна,Серия 1768 Номер 266986,1976-03-22,"603721, г. Санкт-Петербург, ул. Гоголя, 41, кв. 57",stephen99@yahoo.com,cl12370
45462552,Абрамова Александра Мироновна,Серия 1710 Номер 427875,1999-03-26,"410172, г. Санкт-Петербург, ул. Северная, 13, кв. 86",lopezlisa@hotmail.com,cl12371
45462553,Наумов Руслан Михайлович,Серия 1806 Номер 289145,1999-10-11,"420151, г. Санкт-Петербург, ул. Вишневая, 32, кв. 81",lori17@hotmail.com,cl12372
45462554,Бочаров Никита Матвеевич,Серия 1587 Номер 291249,1997-06-29,"125061, г. Санкт-Петербург, ул. Подгорная, 8, кв. 74",campbellkevin@gardner.com,cl12373
45462555,Соловьев Давид Ильич,Серия 1647 Номер 306372,1984-03-06,"630370, г. Санкт-Петербург, ул. Шоссейная, 24, кв. 81",morganhoward@clark.com,cl12374
45462556,Васильева Валерия Дмитриевна,Серия 1742 Номер 316556,1999-09-30,"614753, г. Санкт-Петербург, ул. Полевая, 35, кв. 39",carsontamara@gmail.com,cl12375
45462557,Макарова Василиса Андреевна,Серия 1474 Номер 326347,1999-04-08,"426030, г. Санкт-Петербург, ул. Маяковского, 44, кв. 93",kevinpatel@gmail.com,cl12376
45462558,Алексеев Матвей Викторович,Серия 1452 Номер 339539,1998-08-02,"450375, г. Санкт-Петербург, ул. Клубная, 44, кв. 80",sethbishop@yahoo.com,cl12377
45462559,Никитина Полина Александровна,Серия 2077 Номер 443480,1976-09-19,"625560, г. Санкт-Петербург, ул. Некрасова, 12, кв. 66",drollins@schultz-soto.net,cl12378
45462560,Окулова Олеся Алексеевна,Серия 2147 Номер 357518,1999-04-03,"630201, г. Санкт-Петербург, ул. Комсомольская, 17, кв. 25",pblack@copeland-winters.org,cl12379
45462561,Захарова Полина Яновна,Серия 2687 Номер 363884,1976-04-21,"190949, г. Санкт-Петербург, ул. Мичурина, 26, кв. 93",johnathon.oberbrunner@yahoo.com,cl12380
45462562,Зайцев Владимир Давидович,Серия 2376 Номер 443711,1998-01-26,"350501, г. Санкт-Петербург, ул. Парковая, 2, кв. 7",bradly29@gmail.com,cl12381
45462563,Иванов Виталий Даниилович,Серия 2568 Номер 386237,1976-08-11,"450048, г. Санкт-Петербург, ул. Коммунистическая, 21, кв. 3",stark.cristina@hilpert.biz,cl12382
45462564,Захаров Матвей Романович,Серия 2556 Номер 439376,1993-07-12,"644921, г. Санкт-Петербург, ул. Школьная, 46, кв. 37",bruen.eleanore@yahoo.com,cl12383
45462565,Иванов Степан Степанович,Серия 2737 Номер 407501,1998-09-19,"614228, г. Санкт-Петербург, ул. Дорожная, 36, кв. 54",percival.halvorson@yahoo.com,cl12384
45462566,Ткачева Милана Тимуровна,Серия 2581 Номер 441645,1998-05-24,"350940, г. Санкт-Петербург, ул. Первомайская, 23, кв. 2",javonte71@kuhlman.biz,cl12385
45462567,Семенов Даниил Иванович,Серия 2675 Номер 427933,1976-01-04,"344990, г. Санкт-Петербург, ул. Красноармейская, 19, кв. 92",vconnelly@kautzer.com,cl12386
45462568,Виноградов Вячеслав Дмитриевич,Серия 2967 Номер 434531,1976-07-12,"410248, г. Санкт-Петербург, ул. Чкалова, 11, кв. 75",anabelle07@schultz.info,cl12387
45462569,Соболева Николь Фёдоровна,Серия 3070 Номер 449655,1976-05-02,"400839, г. Санкт-Петербург, ул. 8 Марта, 46, кв. 44",nitzsche.katlynn@yahoo.com,cl12388
45462570,Тихонова Анна Львовна,Серия 3108 Номер 451174,1985-03-23,"450539, г. Санкт-Петербург, ул. Заводская, 3, кв. 81",corine16@von.com,cl12389
45462571,Кузнецова Ульяна Савельевна,Серия 3250 Номер 464705,1999-06-03,"614591, г. Санкт-Петербург, ул. Цветочная, 20, кв. 40",otha.wisozk@lubowitz.org,cl12390
45462572,Смирнова Анна Германовна,Серия 3392 Номер 471644,1997-07-18,"400260, г. Санкт-Петербург, ул. Больничная, 30, кв. 53",may.kirlin@hotmail.com,cl12391
45462573,Черепанова Анна Давидовна,Серия 3497 Номер 487819,1985-11-06,"660924, г. Санкт-Петербург, ул. Молодежная, 32, кв. 59",bryana.kautzer@yahoo.com,cl12392
45462574,Григорьев Максим Кириллович,Серия 3560 Номер 491260,1999-05-26,"644133, г. Санкт-Петербург, ул. Гагарина, 28, кв. 69",deborah.christiansen@quigley.biz,cl12393
45462575,Голубев Даниэль Александрович,Серия 3620 Номер 506034,1999-06-14,"450698, г. Санкт-Петербург, ул. Вокзальная, 14, кв. 37",connelly.makayla@yahoo.com,cl12394
45462576,Миронов Юрий Денисович,Серия 3774 Номер 511438,1985-01-26,"620653, г. Санкт-Петербург, ул. Западная, 15, кв. 25",tatum.collins@fay.org,cl12395
45462577,Терехов Михаил Андреевич,Серия 3862 Номер 521377,1976-07-06,"644321, г. Санкт-Петербург, ул. Клубная, 32, кв. 10",itzel73@anderson.com,cl12396
45462578,Орлова Алиса Михайловна,Серия 3084 Номер 535966,1997-02-24,"603653, г. Санкт-Петербург, ул. Молодежная, 2, кв. 45",arjun39@hotmail.com,cl12397
45462579,Кулаков Константин Даниилович,Серия 4021 Номер 541528,1993-06-20,"410181, г. Санкт-Петербург, ул. Механизаторов, 16, кв. 74",ohara.rebeka@yahoo.com,cl12398
45462580,Кудрявцев Максим Романович,Серия 4109 Номер 554053,1998-05-10,"394207, г. Санкт-Петербург, ул. Свердлова, 31, кв. 28",danika58@rath.com,cl12399
45462581,Соболева Кира Фёдоровна,Серия 4537 Номер 564868,1998-03-14,"420633, г. Санкт-Петербург, ул. Матросова, 18, кв. 41",janae.bogan@gmail.com,cl12400
45462582,Коновалов Арсений Максимович,Серия 4914 Номер 572471,1985-02-18,"445720, г. Санкт-Петербург, ул. Матросова, 50, кв. 67",vern91@yahoo.com,cl12401
45462583,Гусев Михаил Дмитриевич,Серия 4445 Номер 581302,1999-11-23,"400646, г. Санкт-Петербург, ул. Октябрьская, 47, кв. 65",mariana.leannon@larkin.net,cl12402
45462584,Суханова Варвара Матвеевна,Серия 4743 Номер 598180,1993-09-13,"644410, г. Санкт-Петербург, ул. Красная, 17, кв. 69",vmoore@gmail.com,cl12403
45462585,Орлова Ясмина Васильевна,Серия 4741 Номер 601821,1984-06-24,"400750, г. Санкт-Петербург, ул. Школьная, 36, кв. 71",damon.mcclure@mills.com,cl12404
45462586,Васильева Ксения Константиновна,Серия 4783 Номер 612567,1999-08-01,"660590, г. Санкт-Петербург, ул. Дачная, 37, кв. 70",grady.reilly@block.com,cl12405
45462587,Борисова Тамара Данииловна,Серия 4658 Номер 621200,1993-05-29,"426083, г. Санкт-Петербург, ул. Механизаторов, 41, кв. 26",boyd.koss@yahoo.com,cl12406
45462588,Дмитриев Мирон Ильич,Серия 4908 Номер 634613,1985-04-13,"410569, г. Санкт-Петербург, ул. Парковая, 36, кв. 17",obartell@franecki.info,cl12407
45462589,Лебедева Анна Александровна,Серия 5092 Номер 642468,1985-03-30,"443375, г. Санкт-Петербург, ул. Дзержинского, 50, кв. 95",reina75@ferry.net,cl12408
45462590,Пономарев Артём Маркович,Серия 5155 Номер 465274,1984-06-02,"614316, г. Санкт-Петербург, ул. Первомайская, 48, кв. 31",karson28@hotmail.com,cl12409
45462591,Борисова Елена Михайловна,Серия 5086 Номер 666893,1976-05-23,"445685, г. Санкт-Петербург, ул. Зеленая, 7, кв. 47",damaris61@okon.com,cl12410
45462592,Моисеев Камиль Максимович,Серия 5333 Номер 675375,1999-06-17,"614505, г. Санкт-Петербург, ул. Нагорная, 37, кв. 31",carroll.jerod@hotmail.com,cl12411
45462593,Герасимова Дарья Константиновна,Серия 5493 Номер 684572,1984-10-13,"426629, г. Санкт-Петербург, ул. Весенняя, 32, кв. 46",ron.treutel@quitzon.com,cl12412
45462594,Михайлова Мария Марковна,Серия 5150 Номер 696226,1976-12-02,"603743, г. Санкт-Петербург, ул. Матросова, 19, кв. 20",olen79@yahoo.com,cl12413
45462595,Коршунов Кирилл Максимович,Серия 1308 Номер 703305,1985-05-22,"450750, г. Санкт-Петербург, ул. Клубная, 23, кв. 90",pacocha.robbie@yahoo.com,cl12414
